mode,N,test_size,batch,pred_unknown,sig2e,sig2b0_spatial,sig2b1_spatial,q_spatial,true_marginal,fit_marginal,experiment,exp_type,mse_no_re,mse,mae,mse_trim,r2,sig2e_est,sig2b_spatial_est0,sig2b_spatial_est1,sig_ratio,nll_train,nll_test,n_epochs,time
spatial,5000,0.2,1000,FALSE,1,1,1,1000,laplace,laplace,0,ignore,2.48787,2.48787,1.20354,1.82068,0.168425,,,,,,,50,6.23546
spatial,5000,0.2,1000,FALSE,1,1,1,1000,laplace,laplace,0,ohe,2.03953,2.03953,1.11812,1.50958,0.315219,,,,,,,50,4.21949
spatial,5000,0.2,1000,FALSE,1,1,1,1000,laplace,laplace,0,embed,2.10327,2.10327,1.12939,1.51615,0.275019,,,,,,,50,13.8722
spatial,5000,0.2,1000,FALSE,1,1,1,1000,laplace,laplace,0,lmmnn,2.2683,1.47753,0.934955,1.06187,0.492803,1.13843,1.01456,0.894202,0.471234,1654.6,1721.64,50,10.6509
spatial,5000,0.2,1000,FALSE,1,1,1,1000,laplace,laplace,0,copnn,2.37627,1.57636,0.953314,1.08414,0.457587,1.14854,0.852816,0.859255,0.426119,1649.05,1747.17,50,13.7503
spatial,5000,0.2,1000,FALSE,1,1,1,1000,laplace,laplace,1,ignore,2.68336,2.68336,1.21582,1.85983,0.125222,,,,,,,50,3.46246
spatial,5000,0.2,1000,FALSE,1,1,1,1000,laplace,laplace,1,ohe,2.11778,2.11778,1.11894,1.54116,0.320431,,,,,,,50,4.22727
spatial,5000,0.2,1000,FALSE,1,1,1,1000,laplace,laplace,1,embed,2.15812,2.15812,1.12137,1.57083,0.28938,,,,,,,50,10.305
spatial,5000,0.2,1000,FALSE,1,1,1,1000,laplace,laplace,1,lmmnn,2.30374,1.425,0.90531,1.01111,0.527296,1.13778,1.10415,0.883668,0.492498,1649.31,1699.55,50,9.24553
spatial,5000,0.2,1000,FALSE,1,1,1,1000,laplace,laplace,1,copnn,2.54476,1.64514,0.96657,1.13764,0.454259,1.14875,0.862643,0.86948,0.428878,1683.46,1736.14,50,14.0145
spatial,5000,0.2,1000,FALSE,1,1,1,1000,laplace,laplace,2,ignore,2.53419,2.53419,1.19249,1.74875,0.107102,,,,,,,50,3.3095
spatial,5000,0.2,1000,FALSE,1,1,1,1000,laplace,laplace,2,ohe,2.08045,2.08045,1.10073,1.48848,0.302861,,,,,,,50,4.19683
spatial,5000,0.2,1000,FALSE,1,1,1,1000,laplace,laplace,2,embed,2.14518,2.14518,1.11083,1.47431,0.243972,,,,,,,50,9.94296
spatial,5000,0.2,1000,FALSE,1,1,1,1000,laplace,laplace,2,lmmnn,2.28197,1.45783,0.896597,0.961409,0.484283,1.13466,1.00492,0.854356,0.46968,1687.99,1702.83,50,9.18541
spatial,5000,0.2,1000,FALSE,1,1,1,1000,laplace,laplace,2,copnn,2.33563,1.52732,0.890566,0.91612,0.460233,1.13868,0.874039,0.836662,0.434259,1648.44,1656.73,50,12.7862
spatial,5000,0.2,1000,FALSE,1,1,1,1000,laplace,laplace,3,ignore,2.81655,2.81655,1.27667,2.00911,0.0604814,,,,,,,50,3.43086
spatial,5000,0.2,1000,FALSE,1,1,1,1000,laplace,laplace,3,ohe,2.1872,2.1872,1.13903,1.5624,0.293246,,,,,,,50,4.2373
spatial,5000,0.2,1000,FALSE,1,1,1,1000,laplace,laplace,3,embed,2.26247,2.26247,1.13607,1.55952,0.244939,,,,,,,50,9.08062
spatial,5000,0.2,1000,FALSE,1,1,1,1000,laplace,laplace,3,lmmnn,2.51946,1.73771,1.00274,1.20978,0.419578,1.14593,1.06063,0.919806,0.480673,1730.65,1788.58,50,9.054
spatial,5000,0.2,1000,FALSE,1,1,1,1000,laplace,laplace,3,copnn,2.59321,1.76024,0.977558,1.12427,0.412211,1.14481,0.856103,0.922127,0.427856,1662.56,1755.22,50,12.7932
spatial,5000,0.2,1000,FALSE,1,1,1,1000,laplace,laplace,4,ignore,2.55583,2.55583,1.19372,1.72491,0.113519,,,,,,,50,3.3762
spatial,5000,0.2,1000,FALSE,1,1,1,1000,laplace,laplace,4,ohe,2.09566,2.09566,1.12448,1.5302,0.295629,,,,,,,50,4.12461
spatial,5000,0.2,1000,FALSE,1,1,1,1000,laplace,laplace,4,embed,2.14073,2.14073,1.10566,1.47288,0.251775,,,,,,,50,9.54439
spatial,5000,0.2,1000,FALSE,1,1,1,1000,laplace,laplace,4,lmmnn,2.31286,1.35778,0.872665,0.946034,0.527955,1.14351,1.11473,0.908125,0.493627,1680.7,1683.61,50,9.17703
spatial,5000,0.2,1000,FALSE,1,1,1,1000,laplace,laplace,4,copnn,2.56059,1.57798,0.92757,1.0409,0.448078,1.14448,0.874051,0.863513,0.433014,1708.46,1685.45,50,13.6615
spatial,10000,0.2,1000,FALSE,1,1,1,1000,laplace,laplace,0,ignore,2.93129,2.93129,1.25093,1.90747,0.171865,,,,,,,50,3.9102
spatial,10000,0.2,1000,FALSE,1,1,1,1000,laplace,laplace,0,ohe,2.13045,2.13045,1.11043,1.50006,0.397498,,,,,,,50,5.66587
spatial,10000,0.2,1000,FALSE,1,1,1,1000,laplace,laplace,0,embed,2.20443,2.20443,1.10852,1.49427,0.376676,,,,,,,50,10.5767
spatial,10000,0.2,1000,FALSE,1,1,1,1000,laplace,laplace,0,lmmnn,2.55774,1.39669,0.88652,0.956618,0.604683,1.2171,1.17025,0.973288,0.490187,1616.21,1701.67,50,17.0543
spatial,10000,0.2,1000,FALSE,1,1,1,1000,laplace,laplace,0,copnn,2.67916,1.5153,0.919975,1.01382,0.570466,1.21974,0.890907,0.932695,0.422101,1592.86,1666.73,50,23.4267
spatial,10000,0.2,1000,FALSE,1,1,1,1000,laplace,laplace,1,ignore,2.41044,2.41044,1.15426,1.6301,0.121345,,,,,,,50,3.87762
spatial,10000,0.2,1000,FALSE,1,1,1,1000,laplace,laplace,1,ohe,2.08406,2.08406,1.08949,1.44194,0.278633,,,,,,,50,5.62509
spatial,10000,0.2,1000,FALSE,1,1,1,1000,laplace,laplace,1,embed,1.98377,1.98377,1.0518,1.35948,0.272208,,,,,,,50,9.86497
spatial,10000,0.2,1000,FALSE,1,1,1,1000,laplace,laplace,1,lmmnn,1.93246,1.25438,0.843279,0.881112,0.541177,1.19075,0.957969,0.92473,0.445833,1565.4,1647.74,50,16.9423
spatial,10000,0.2,1000,FALSE,1,1,1,1000,laplace,laplace,1,copnn,1.96405,1.29768,0.85035,0.890961,0.526149,1.21164,0.816985,0.844348,0.402729,1528.46,1611.69,50,24.2627
spatial,10000,0.2,1000,FALSE,1,1,1,1000,laplace,laplace,2,ignore,2.37604,2.37604,1.14582,1.62774,0.165516,,,,,,,50,3.92447
spatial,10000,0.2,1000,FALSE,1,1,1,1000,laplace,laplace,2,ohe,2.03164,2.03164,1.07793,1.41834,0.314103,,,,,,,50,5.67385
spatial,10000,0.2,1000,FALSE,1,1,1,1000,laplace,laplace,2,embed,1.94216,1.94216,1.04452,1.31535,0.315142,,,,,,,50,10.0988
spatial,10000,0.2,1000,FALSE,1,1,1,1000,laplace,laplace,2,lmmnn,2.16396,1.28635,0.855248,0.901337,0.545172,1.20935,1.05878,1.01807,0.466807,1608.79,1657.17,50,16.984
spatial,10000,0.2,1000,FALSE,1,1,1,1000,laplace,laplace,2,copnn,2.1765,1.30568,0.855638,0.90299,0.538318,1.22859,0.81491,0.91954,0.398781,1573.24,1595.61,50,24.0813
spatial,10000,0.2,1000,FALSE,1,1,1,1000,laplace,laplace,3,ignore,2.28671,2.28671,1.14277,1.60923,0.205692,,,,,,,50,4.03826
spatial,10000,0.2,1000,FALSE,1,1,1,1000,laplace,laplace,3,ohe,1.87173,1.87173,1.05304,1.36608,0.357765,,,,,,,50,5.52207
spatial,10000,0.2,1000,FALSE,1,1,1,1000,laplace,laplace,3,embed,1.86156,1.86156,1.0459,1.32411,0.343685,,,,,,,50,10.3584
spatial,10000,0.2,1000,FALSE,1,1,1,1000,laplace,laplace,3,lmmnn,2.11896,1.28724,0.866414,0.911511,0.547152,1.19138,0.905229,0.964147,0.431759,1597.52,1655.05,50,17.1074
spatial,10000,0.2,1000,FALSE,1,1,1,1000,laplace,laplace,3,copnn,2.08233,1.24902,0.850574,0.882515,0.560452,1.22448,0.790475,0.894311,0.392303,1538.53,1605.75,50,24.1211
spatial,10000,0.2,1000,FALSE,1,1,1,1000,laplace,laplace,4,ignore,2.81656,2.81656,1.23624,1.85643,0.209782,,,,,,,50,4.0265
spatial,10000,0.2,1000,FALSE,1,1,1,1000,laplace,laplace,4,ohe,2.25442,2.25442,1.10976,1.49974,0.384084,,,,,,,50,5.57338
spatial,10000,0.2,1000,FALSE,1,1,1,1000,laplace,laplace,4,embed,2.28133,2.28133,1.12666,1.50816,0.356337,,,,,,,50,10.2381
spatial,10000,0.2,1000,FALSE,1,1,1,1000,laplace,laplace,4,lmmnn,2.76965,1.46899,0.898918,0.98824,0.583658,1.22174,1.21817,1.01909,0.49927,1632.58,1744.26,50,17.0109
spatial,10000,0.2,1000,FALSE,1,1,1,1000,laplace,laplace,4,copnn,2.8581,1.5834,0.916257,1.00608,0.550616,1.21983,0.903016,0.943189,0.425379,1583.55,1692.52,50,24.1648
spatial,50000,0.2,1000,FALSE,1,1,1,1000,laplace,laplace,0,ignore,1.83512,1.83512,0.995438,1.22635,0.435259,,,,,,,50,8.0296
spatial,50000,0.2,1000,FALSE,1,1,1,1000,laplace,laplace,0,ohe,1.49153,1.49153,0.927025,1.05574,0.530434,,,,,,,50,14.7195
spatial,50000,0.2,1000,FALSE,1,1,1,1000,laplace,laplace,0,embed,1.32572,1.32572,0.852042,0.879451,0.605675,,,,,,,50,14.1415
spatial,50000,0.2,1000,FALSE,1,1,1,1000,laplace,laplace,0,lmmnn,2.2337,1.17141,0.810733,0.791086,0.633023,1.15413,1.05362,1.10054,0.477237,1507.24,1579.13,50,50.0326
spatial,50000,0.2,1000,FALSE,1,1,1,1000,laplace,laplace,0,copnn,2.21088,1.163,0.807241,0.785785,0.634229,1.15465,1.21062,1.04686,0.511833,1426.39,1502.02,50,58.5457
spatial,50000,0.2,1000,FALSE,1,1,1,1000,laplace,laplace,1,ignore,1.84867,1.84867,0.991021,1.23084,0.380482,,,,,,,50,8.15163
spatial,50000,0.2,1000,FALSE,1,1,1,1000,laplace,laplace,1,ohe,1.36748,1.36748,0.879631,0.952741,0.528806,,,,,,,50,14.6297
spatial,50000,0.2,1000,FALSE,1,1,1,1000,laplace,laplace,1,embed,1.31583,1.31583,0.851086,0.889669,0.578105,,,,,,,50,14.3353
spatial,50000,0.2,1000,FALSE,1,1,1,1000,laplace,laplace,1,lmmnn,1.98168,1.13007,0.79405,0.770063,0.612601,1.10342,0.828637,0.834733,0.428887,1479.4,1554.07,50,50.2113
spatial,50000,0.2,1000,FALSE,1,1,1,1000,laplace,laplace,1,copnn,1.96693,1.1126,0.789679,0.756208,0.617647,1.17562,1.07585,0.852558,0.477844,1412.26,1475.6,50,58.8709
spatial,50000,0.2,1000,FALSE,1,1,1,1000,laplace,laplace,2,ignore,1.95682,1.95682,1.02041,1.28849,0.422242,,,,,,,50,7.91213
spatial,50000,0.2,1000,FALSE,1,1,1,1000,laplace,laplace,2,ohe,1.44453,1.44453,0.905416,1.00765,0.554275,,,,,,,50,14.4724
spatial,50000,0.2,1000,FALSE,1,1,1,1000,laplace,laplace,2,embed,1.37605,1.37605,0.865969,0.921946,0.600751,,,,,,,50,14.2411
spatial,50000,0.2,1000,FALSE,1,1,1,1000,laplace,laplace,2,lmmnn,2.26938,1.19945,0.820999,0.821522,0.635588,1.19585,1.07574,0.975112,0.473562,1518.42,1584.84,50,50.3024
spatial,50000,0.2,1000,FALSE,1,1,1,1000,laplace,laplace,2,copnn,2.25675,1.17237,0.80983,0.799628,0.642063,1.18436,1.19403,0.977865,0.502033,1439.61,1500.91,50,58.7751
spatial,50000,0.2,1000,FALSE,1,1,1,1000,laplace,laplace,3,ignore,2.01023,2.01023,1.03392,1.33104,0.385223,,,,,,,50,8.00472
spatial,50000,0.2,1000,FALSE,1,1,1,1000,laplace,laplace,3,ohe,1.4431,1.4431,0.908801,1.01168,0.551122,,,,,,,50,14.7
spatial,50000,0.2,1000,FALSE,1,1,1,1000,laplace,laplace,3,embed,1.38033,1.38033,0.868623,0.924257,0.591904,,,,,,,50,14.0533
spatial,50000,0.2,1000,FALSE,1,1,1,1000,laplace,laplace,3,lmmnn,2.2314,1.16757,0.813829,0.805297,0.635148,1.17532,1.12299,1.10552,0.488615,1506.49,1575.08,50,50.4281
spatial,50000,0.2,1000,FALSE,1,1,1,1000,laplace,laplace,3,copnn,2.25058,1.17091,0.813718,0.804415,0.634216,1.17611,1.23956,1.12222,0.513134,1427.86,1496.8,50,60.5856
spatial,50000,0.2,1000,FALSE,1,1,1,1000,laplace,laplace,4,ignore,1.65344,1.65344,0.945886,1.09849,0.436639,,,,,,,50,7.91004
spatial,50000,0.2,1000,FALSE,1,1,1,1000,laplace,laplace,4,ohe,1.35279,1.35279,0.88211,0.951432,0.52774,,,,,,,50,14.5132
spatial,50000,0.2,1000,FALSE,1,1,1,1000,laplace,laplace,4,embed,1.23716,1.23716,0.82845,0.834927,0.582312,,,,,,,50,14.4975
spatial,50000,0.2,1000,FALSE,1,1,1,1000,laplace,laplace,4,lmmnn,1.93196,1.09386,0.781103,0.739284,0.621136,1.11717,0.807966,0.777317,0.419692,1489.75,1543.11,50,50.761
spatial,50000,0.2,1000,FALSE,1,1,1,1000,laplace,laplace,4,copnn,1.90892,1.09998,0.78558,0.747344,0.618593,1.17706,1.06426,0.90708,0.474836,1428.74,1478.24,50,59.0376
spatial,100000,0.2,1000,FALSE,1,1,1,1000,laplace,laplace,0,ignore,1.53043,1.53043,0.906259,1.0224,0.468304,,,,,,,50,13.371
spatial,100000,0.2,1000,FALSE,1,1,1,1000,laplace,laplace,0,ohe,1.24175,1.24175,0.837365,0.861287,0.552157,,,,,,,50,26.3725
spatial,100000,0.2,1000,FALSE,1,1,1,1000,laplace,laplace,0,embed,1.16956,1.16956,0.796883,0.779064,0.598121,,,,,,,50,20.8373
spatial,100000,0.2,1000,FALSE,1,1,1,1000,laplace,laplace,0,lmmnn,1.8498,1.08923,0.77983,0.746961,0.608982,1.07007,0.791157,1.01701,0.425072,1461.07,1507.3,50,87.0705
spatial,100000,0.2,1000,FALSE,1,1,1,1000,laplace,laplace,0,copnn,1.81689,1.0703,0.77444,0.731736,0.614272,1.11916,1.13012,1.16183,0.502436,1380.57,1425.83,50,96.5986
spatial,100000,0.2,1000,FALSE,1,1,1,1000,laplace,laplace,1,ignore,1.6079,1.6079,0.92412,1.05986,0.493522,,,,,,,50,13.2512
spatial,100000,0.2,1000,FALSE,1,1,1,1000,laplace,laplace,1,ohe,1.30001,1.30001,0.860197,0.907119,0.575274,,,,,,,50,26.3394
spatial,100000,0.2,1000,FALSE,1,1,1,1000,laplace,laplace,1,embed,1.21412,1.21412,0.812722,0.805976,0.619175,,,,,,,50,20.7939
spatial,100000,0.2,1000,FALSE,1,1,1,1000,laplace,laplace,1,lmmnn,2.07897,1.12907,0.798834,0.778146,0.62967,1.11314,0.949036,0.924671,0.460211,1485.91,1527.19,50,87.0362
spatial,100000,0.2,1000,FALSE,1,1,1,1000,laplace,laplace,1,copnn,2.06687,1.11965,0.796136,0.77328,0.632602,1.13853,1.2425,0.967318,0.521832,1411.2,1452.18,50,97.2824
spatial,100000,0.2,1000,FALSE,1,1,1,1000,laplace,laplace,2,ignore,1.58946,1.58946,0.915377,1.02803,0.479803,,,,,,,50,12.969
spatial,100000,0.2,1000,FALSE,1,1,1,1000,laplace,laplace,2,ohe,1.28809,1.28809,0.850255,0.882429,0.564312,,,,,,,50,26.018
spatial,100000,0.2,1000,FALSE,1,1,1,1000,laplace,laplace,2,embed,1.20778,1.20778,0.810007,0.793583,0.61052,,,,,,,50,20.2053
spatial,100000,0.2,1000,FALSE,1,1,1,1000,laplace,laplace,2,lmmnn,2.01455,1.11356,0.788119,0.752969,0.624229,1.09907,0.896922,1.11433,0.449363,1473.21,1520.09,50,86.78
spatial,100000,0.2,1000,FALSE,1,1,1,1000,laplace,laplace,2,copnn,2.01802,1.10647,0.786889,0.750314,0.627239,1.13748,1.24569,1.27112,0.522702,1400.5,1445.14,50,96.7178
spatial,100000,0.2,1000,FALSE,1,1,1,1000,laplace,laplace,3,ignore,1.44728,1.44728,0.879209,0.961903,0.487197,,,,,,,50,13.0067
spatial,100000,0.2,1000,FALSE,1,1,1,1000,laplace,laplace,3,ohe,1.21419,1.21419,0.831223,0.847958,0.558939,,,,,,,50,25.9516
spatial,100000,0.2,1000,FALSE,1,1,1,1000,laplace,laplace,3,embed,1.20481,1.20481,0.811868,0.812138,0.592938,,,,,,,50,20.5272
spatial,100000,0.2,1000,FALSE,1,1,1,1000,laplace,laplace,3,lmmnn,1.80605,1.05636,0.775307,0.737049,0.615573,1.0649,0.873618,0.985048,0.450663,1457.5,1494.77,50,86.7919
spatial,100000,0.2,1000,FALSE,1,1,1,1000,laplace,laplace,3,copnn,1.84495,1.0694,0.776394,0.740047,0.611771,1.13522,1.18554,1.09731,0.510841,1393.67,1437.84,50,96.5549
spatial,100000,0.2,1000,FALSE,1,1,1,1000,laplace,laplace,4,ignore,1.60256,1.60256,0.918684,1.04878,0.460488,,,,,,,50,12.981
spatial,100000,0.2,1000,FALSE,1,1,1,1000,laplace,laplace,4,ohe,1.28431,1.28431,0.849143,0.887423,0.56383,,,,,,,50,26.0132
spatial,100000,0.2,1000,FALSE,1,1,1,1000,laplace,laplace,4,embed,1.23525,1.23525,0.818745,0.824271,0.602858,,,,,,,50,20.4862
spatial,100000,0.2,1000,FALSE,1,1,1,1000,laplace,laplace,4,lmmnn,1.95182,1.12835,0.795505,0.773027,0.616634,1.06771,0.856476,0.640038,0.44511,1461.55,1526.11,50,87.063
spatial,100000,0.2,1000,FALSE,1,1,1,1000,laplace,laplace,4,copnn,1.92698,1.11006,0.788967,0.756921,0.621595,1.10841,1.2081,0.759524,0.521518,1387.33,1448.38,50,96.6925
spatial,500000,0.2,1000,FALSE,1,1,1,100,laplace,laplace,0,ignore,1.27518,1.27518,0.832733,0.858344,0.613247,,,,,,,50,56.399
spatial,500000,0.2,1000,FALSE,1,1,1,100,laplace,laplace,0,ohe,1.15214,1.15214,0.790104,0.762002,0.642274,,,,,,,50,61.8012
spatial,500000,0.2,1000,FALSE,1,1,1,100,laplace,laplace,0,embed,1.13517,1.13517,0.781945,0.743093,0.64395,,,,,,,50,63.2563
spatial,500000,0.2,1000,FALSE,1,1,1,100,laplace,laplace,0,lmmnn,2.0101,1.05965,0.768669,0.723453,0.646664,1.03906,0.904368,0.447573,0.465346,1444.54,1450.46,50,379.271
spatial,500000,0.2,1000,FALSE,1,1,1,100,laplace,laplace,0,copnn,2.05568,1.07562,0.776064,0.738387,0.641303,1.13825,1.52856,0.667611,0.573179,1370.6,1375.54,50,387.442
spatial,500000,0.2,1000,FALSE,1,1,1,100,laplace,laplace,1,ignore,1.18012,1.18012,0.804703,0.788535,0.607048,,,,,,,50,54.7779
spatial,500000,0.2,1000,FALSE,1,1,1,100,laplace,laplace,1,ohe,1.10672,1.10672,0.780909,0.740419,0.630444,,,,,,,50,60.1657
spatial,500000,0.2,1000,FALSE,1,1,1,100,laplace,laplace,1,embed,1.16795,1.16795,0.798577,0.777162,0.630167,,,,,,,50,62.3624
spatial,500000,0.2,1000,FALSE,1,1,1,100,laplace,laplace,1,lmmnn,1.86987,1.0668,0.776852,0.730497,0.628265,1.06155,0.851566,2.93143,0.44512,1438.32,1444.65,50,377.432
spatial,500000,0.2,1000,FALSE,1,1,1,100,laplace,laplace,1,copnn,1.92835,1.06624,0.776322,0.729269,0.629368,1.12951,1.4362,2.94757,0.559768,1370.56,1376.45,50,385.543
spatial,500000,0.2,1000,FALSE,1,1,1,100,laplace,laplace,2,ignore,1.22038,1.22038,0.81354,0.820068,0.592368,,,,,,,50,54.1285
spatial,500000,0.2,1000,FALSE,1,1,1,100,laplace,laplace,2,ohe,1.06045,1.06045,0.760453,0.710178,0.627086,,,,,,,50,60.2663
spatial,500000,0.2,1000,FALSE,1,1,1,100,laplace,laplace,2,embed,1.08313,1.08313,0.767422,0.723106,0.628856,,,,,,,50,62.6946
spatial,500000,0.2,1000,FALSE,1,1,1,100,laplace,laplace,2,lmmnn,1.72012,1.00521,0.753819,0.695526,0.627353,0.990832,0.679901,2.25782,0.406948,1423.09,1421.63,50,374.256
spatial,500000,0.2,1000,FALSE,1,1,1,100,laplace,laplace,2,copnn,1.74197,1.01382,0.756059,0.699081,0.625137,1.12442,1.4296,2.59919,0.559745,1359.13,1360.55,50,385.525
spatial,500000,0.2,1000,FALSE,1,1,1,100,laplace,laplace,3,ignore,1.26004,1.26004,0.828549,0.839238,0.623577,,,,,,,50,54.5897
spatial,500000,0.2,1000,FALSE,1,1,1,100,laplace,laplace,3,ohe,1.22744,1.22744,0.813165,0.804559,0.649059,,,,,,,50,60.1304
spatial,500000,0.2,1000,FALSE,1,1,1,100,laplace,laplace,3,embed,1.21149,1.21149,0.80563,0.79048,0.653035,,,,,,,50,62.3678
spatial,500000,0.2,1000,FALSE,1,1,1,100,laplace,laplace,3,lmmnn,2.30587,1.11856,0.793046,0.764181,0.654338,1.11999,1.09353,0.687807,0.494022,1471.83,1475.13,50,374.432
spatial,500000,0.2,1000,FALSE,1,1,1,100,laplace,laplace,3,copnn,2.28737,1.13763,0.803191,0.785541,0.650264,1.13611,1.53858,0.651949,0.575236,1408.02,1410.27,50,384.722
spatial,500000,0.2,1000,FALSE,1,1,1,100,laplace,laplace,4,ignore,1.27089,1.27089,0.827017,0.839131,0.608218,,,,,,,50,53.9672
spatial,500000,0.2,1000,FALSE,1,1,1,100,laplace,laplace,4,ohe,1.1411,1.1411,0.794829,0.767338,0.639137,,,,,,,50,59.6523
spatial,500000,0.2,1000,FALSE,1,1,1,100,laplace,laplace,4,embed,1.22587,1.22587,0.836757,0.847435,0.638318,,,,,,,50,62.2093
spatial,500000,0.2,1000,FALSE,1,1,1,100,laplace,laplace,4,lmmnn,2.03749,1.08807,0.78291,0.750124,0.640281,1.09395,0.974327,0.906441,0.471082,1460.79,1462.25,50,374.42
spatial,500000,0.2,1000,FALSE,1,1,1,100,laplace,laplace,4,copnn,2.13792,1.10256,0.78781,0.760499,0.634389,1.14552,1.55039,1.15172,0.575089,1384.94,1389.2,50,383.995
spatial,1000000,0.2,1000,FALSE,1,1,1,100,laplace,laplace,0,ignore,1.29661,1.29661,0.83508,0.855617,0.636411,,,,,,,50,105.123
spatial,1000000,0.2,1000,FALSE,1,1,1,100,laplace,laplace,0,ohe,1.16916,1.16916,0.796955,0.771392,0.657541,,,,,,,50,117.011
spatial,1000000,0.2,1000,FALSE,1,1,1,100,laplace,laplace,0,embed,1.1691,1.1691,0.794263,0.765291,0.658472,,,,,,,50,120.992
spatial,1000000,0.2,1000,FALSE,1,1,1,100,laplace,laplace,0,lmmnn,2.26901,1.13476,0.799923,0.781249,0.650174,1.09535,1.16926,2.78575,0.516318,1478.42,1479.95,50,734.814
spatial,1000000,0.2,1000,FALSE,1,1,1,100,laplace,laplace,0,copnn,2.32487,1.12874,0.793469,0.768032,0.65355,1.11909,1.48088,2.78443,0.569577,1395.4,1395.3,50,753.038
spatial,1000000,0.2,1000,FALSE,1,1,1,100,laplace,laplace,1,ignore,1.32568,1.32568,0.860821,0.903644,0.617254,,,,,,,50,105.415
spatial,1000000,0.2,1000,FALSE,1,1,1,100,laplace,laplace,1,ohe,1.17918,1.17918,0.801534,0.77787,0.645476,,,,,,,50,115.962
spatial,1000000,0.2,1000,FALSE,1,1,1,100,laplace,laplace,1,embed,1.22077,1.22077,0.811403,0.802585,0.645926,,,,,,,50,121.162
spatial,1000000,0.2,1000,FALSE,1,1,1,100,laplace,laplace,1,lmmnn,2.14121,1.11009,0.794922,0.76209,0.643632,1.1095,1.04373,1.04813,0.484727,1469.14,1469.95,50,737.6
spatial,1000000,0.2,1000,FALSE,1,1,1,100,laplace,laplace,1,copnn,2.19302,1.13176,0.802722,0.779817,0.638047,1.12123,1.47461,1.38618,0.568067,1406.78,1407.83,50,752.461
spatial,1000000,0.2,1000,FALSE,1,1,1,100,laplace,laplace,2,ignore,1.14187,1.14187,0.792196,0.765164,0.61482,,,,,,,50,105.6
spatial,1000000,0.2,1000,FALSE,1,1,1,100,laplace,laplace,2,ohe,1.10531,1.10531,0.778306,0.73797,0.633432,,,,,,,50,116.813
spatial,1000000,0.2,1000,FALSE,1,1,1,100,laplace,laplace,2,embed,1.10905,1.10905,0.774438,0.731462,0.633847,,,,,,,50,121.106
spatial,1000000,0.2,1000,FALSE,1,1,1,100,laplace,laplace,2,lmmnn,1.89872,1.05555,0.768866,0.722061,0.631173,1.01742,0.737499,0.703833,0.420247,1443.45,1446.62,50,735.271
spatial,1000000,0.2,1000,FALSE,1,1,1,100,laplace,laplace,2,copnn,1.96569,1.09881,0.790443,0.762592,0.6194,1.10138,1.38366,0.966492,0.556795,1400.81,1402.09,50,751.308
spatial,1000000,0.2,1000,FALSE,1,1,1,100,laplace,laplace,3,ignore,1.06591,1.06591,0.758929,0.710418,0.600849,,,,,,,50,104.989
spatial,1000000,0.2,1000,FALSE,1,1,1,100,laplace,laplace,3,ohe,1.06934,1.06934,0.761767,0.713057,0.6117,,,,,,,50,116.867
spatial,1000000,0.2,1000,FALSE,1,1,1,100,laplace,laplace,3,embed,1.03704,1.03704,0.757036,0.700176,0.618565,,,,,,,50,121.333
spatial,1000000,0.2,1000,FALSE,1,1,1,100,laplace,laplace,3,lmmnn,1.56603,0.974093,0.7377,0.665506,0.617941,0.989228,0.630564,0.401381,0.389287,1403.62,1405.6,50,736.447
spatial,1000000,0.2,1000,FALSE,1,1,1,100,laplace,laplace,3,copnn,1.67255,0.993071,0.746919,0.685476,0.610939,1.11543,1.44178,1.24167,0.56381,1345.74,1347.97,50,750.432
spatial,1000000,0.2,1000,FALSE,1,1,1,100,laplace,laplace,4,ignore,1.20016,1.20016,0.806747,0.800074,0.616811,,,,,,,50,104.413
spatial,1000000,0.2,1000,FALSE,1,1,1,100,laplace,laplace,4,ohe,1.14831,1.14831,0.790306,0.764849,0.63951,,,,,,,50,117.245
spatial,1000000,0.2,1000,FALSE,1,1,1,100,laplace,laplace,4,embed,1.1825,1.1825,0.797449,0.778707,0.63907,,,,,,,50,120.702
spatial,1000000,0.2,1000,FALSE,1,1,1,100,laplace,laplace,4,lmmnn,1.97929,1.07483,0.775793,0.739084,0.636256,1.10314,0.873434,0.783732,0.441892,1456.21,1456.11,50,736.828
spatial,1000000,0.2,1000,FALSE,1,1,1,100,laplace,laplace,4,copnn,2.02824,1.07069,0.77207,0.730928,0.637735,1.1186,1.41285,1.80058,0.558119,1372.53,1372.31,50,755.77
spatial,5000000,0.2,1000,FALSE,1,1,1,100,laplace,laplace,0,ignore,1.3067,1.3067,0.848164,0.880062,0.612734,,,,,,,50,519.578
spatial,5000000,0.2,1000,FALSE,1,1,1,100,laplace,laplace,0,ohe,1.17817,1.17817,0.802102,0.782458,0.641934,,,,,,,50,581.045
spatial,5000000,0.2,1000,FALSE,1,1,1,100,laplace,laplace,0,embed,1.20525,1.20525,0.806651,0.794656,0.646172,,,,,,,50,609.008
spatial,5000000,0.2,1000,FALSE,1,1,1,100,laplace,laplace,0,lmmnn,2.05274,1.10677,0.789161,0.757486,0.636238,0.973899,0.847838,2.91405,0.465401,1468.83,1469.49,50,3647.6
spatial,5000000,0.2,1000,FALSE,1,1,1,100,laplace,laplace,0,copnn,2.19627,1.11972,0.793202,0.766075,0.633975,1.08314,1.34795,4.03914,0.554462,1397.64,1398.75,50,3709.55
spatial,5000000,0.2,1000,FALSE,1,1,1,100,laplace,laplace,1,ignore,1.16838,1.16838,0.797276,0.780452,0.629574,,,,,,,50,520.616
spatial,5000000,0.2,1000,FALSE,1,1,1,100,laplace,laplace,1,ohe,1.13909,1.13909,0.781765,0.748784,0.64049,,,,,,,50,586.918
spatial,5000000,0.2,1000,FALSE,1,1,1,100,laplace,laplace,1,embed,1.1925,1.1925,0.798563,0.782019,0.643186,,,,,,,50,610.912
spatial,5000000,0.2,1000,FALSE,1,1,1,100,laplace,laplace,1,lmmnn,2.126,1.0678,0.769951,0.725389,0.635081,1.18489,0.936734,3.39685,0.441516,1443.66,1444.37,50,3647.7
spatial,5000000,0.2,1000,FALSE,1,1,1,100,laplace,laplace,1,copnn,2.04825,1.11458,0.79083,0.766878,0.622645,1.10373,1.37527,4.19882,0.554767,1398.49,1398.6,50,3709.27
spatial,10000000,0.2,1000,FALSE,1,1,1,100,laplace,laplace,0,ignore,1.18439,1.18439,0.802515,0.787134,0.625878,,,,,,,50,1039.25
spatial,10000000,0.2,1000,FALSE,1,1,1,100,laplace,laplace,0,ohe,1.19945,1.19945,0.804623,0.789367,0.650854,,,,,,,50,1164.14
spatial,10000000,0.2,1000,FALSE,1,1,1,100,laplace,laplace,0,embed,1.21639,1.21639,0.804576,0.790456,0.652514,,,,,,,50,1202.1
spatial,10000000,0.2,1000,FALSE,1,1,1,100,laplace,laplace,0,lmmnn,2.1516,1.0863,0.779164,0.74241,0.644871,1.09753,1.05627,1.12647,0.490421,1457.12,1458.3,50,7235.03
spatial,10000000,0.2,1000,FALSE,1,1,1,100,laplace,laplace,0,copnn,2.10004,1.11205,0.790896,0.765918,0.638275,1.08624,1.37927,1.07065,0.559425,1400.85,1401.57,50,7364.56
